{
	"format_version": "1.12.0",
	"minecraft:geometry": [
		{
			"description": {
				"identifier": "geometry.ckp_flag",
				"texture_width": 64,
				"texture_height": 64,
				"visible_bounds_width": 3,
				"visible_bounds_height": 3.5,
				"visible_bounds_offset": [0, 1.25, 0]
			},
			"bones": [
				{
					"name": "body",
					"pivot": [0, 0, -1],
					"cubes": [
						{
							"origin": [-4, 0, -4],
							"size": [8, 4, 8],
							"uv": {
								"north": {"uv": [20, 34], "uv_size": [8, 4]},
								"east": {"uv": [12, 34], "uv_size": [8, 4]},
								"south": {"uv": [36, 34], "uv_size": [8, 4]},
								"west": {"uv": [28, 34], "uv_size": [8, 4]},
								"up": {"uv": [20, 26], "uv_size": [8, 8]},
								"down": {"uv": [28, 34], "uv_size": [8, -8]}
							}
						},
						{
							"origin": [-1.5, 0.1, -1.5],
							"size": [3, 31.9, 3],
							"uv": {
								"north": {"uv": [3, 24], "uv_size": [3, 31]},
								"east": {"uv": [0, 24], "uv_size": [3, 31]},
								"south": {"uv": [9, 24], "uv_size": [3, 31]},
								"west": {"uv": [6, 24], "uv_size": [3, 31]},
								"up": {"uv": [3, 21], "uv_size": [3, 3]},
								"down": {"uv": [6, 24], "uv_size": [3, -3]}
							}
						},
						{
							"origin": [-8.5, 29.1, -4.5],
							"size": [17, 2.9, 3],
							"uv": {
								"north": {"uv": [15, 24], "uv_size": [17, 2]},
								"east": {"uv": [12, 24], "uv_size": [3, 2]},
								"south": {"uv": [35, 24], "uv_size": [17, 2]},
								"west": {"uv": [32, 24], "uv_size": [3, 2]},
								"up": {"uv": [15, 21], "uv_size": [17, 3]},
								"down": {"uv": [32, 24], "uv_size": [17, -3]}
							}
						}
					]
				},
				{
					"name": "bone",
					"parent": "body",
					"pivot": [-0.5, 30.1, -3.1],
					"cubes": [
						{
							"origin": [-8.5, 8.1, -3],
							"size": [17, 21.9, 0],
							"uv": {
								"north": {"uv": [0, 0], "uv_size": [17, 21]},
								"east": {"uv": [0, 0], "uv_size": [0, 21]},
								"south": {"uv": [0, 0], "uv_size": [17, 21]},
								"west": {"uv": [17, 0], "uv_size": [0, 21]},
								"up": {"uv": [0, 0], "uv_size": [17, 0]},
								"down": {"uv": [17, 0], "uv_size": [17, 0]}
							}
						}
					]
				}
			]
		}
	]
}